substrate_id,sequence,MMP1,MMP10,MMP12,MMP13,MMP14,MMP17,MMP2,MMP20,MMP3,MMP7,MMP8,MMP9
DL1,FMPLNFTASG,0.0,0.248186897250141,0.222450219407107,0.22057949190902,0.0,0.0,0.0,0.42495588288858,0.016949825,-0.0322506667977342,0.613369567909898,0.203034929576351
DL10,IMPLGMRNPI,0.0,0.124481668583075,0.162318358741538,0.538057509144633,0.846335672603602,0.0,0.220087452741902,0.0295189999569095,0.228532007,0.0388148170579141,0.105940554928268,0.446063183911202
DL11,PTPYGLRTSG,0.0895191066838083,0.342150518909818,0.611765916419617,0.560461696054599,0.577718618288172,0.266582863322662,0.644109839532926,0.141653107690968,0.262717862,0.170996194882351,0.281573923568305,0.385768778274065
DL12,PMPLHMLSTG,0.140111858181335,0.318417366389393,0.230124108216315,0.30102492085218,0.186657257996172,0.337029614672265,0.242247311723111,0.0732468864027252,0.281262722,0.179880411832259,0.195818981704345,0.131222946746726
DL13,IEPLPMRDWT,0.311604457483878,0.192299525525924,0.328034552851274,0.374137003580874,0.157818030978407,0.153934851485306,0.0,0.277750817150862,0.205852103,0.0382733491213684,0.260851590652831,0.0883542553180339
DL14,GEPFALRTAS,0.114310881345116,0.578732560043165,0.597131788585164,0.525630760094543,0.190691929222313,0.842556985172594,0.41416576192111,0.301172662242625,0.911741613,0.589880964371681,0.354369896332088,0.265439278642377
DL15,VSPLAIQGRQ,0.372980576533065,0.169106790847092,0.363600301377936,0.39097139489445,0.263686305992674,0.0,0.193260203505782,0.0,0.207347363,0.109524119394124,0.37962202964098,0.375373486893356
DL16,PVPLGVRDTA,0.0,0.0605587020637497,0.141083773939557,0.511292853157971,0.143516449284223,0.0,0.0,0.0504759252070563,0.257118774,0.0,0.0,0.0
DL17,QRPLNYISMG,0.0960975090890362,0.257630859191854,0.226313119434677,0.268530133298151,0.0,0.0,0.215356782926665,0.585469153573294,0.098315179,0.0,0.313064321300869,0.348343260542659
DL18,LWPRELRAQR,0.0,0.0,0.0539823047534171,0.106499483134008,0.0,0.0,0.0409421645393675,0.0801087941605893,0.0,0.0251347475012411,0.0524026127418161,0.196806612435639
DL19,NRPLALTSRY,0.445749806727493,0.73384824516471,0.412658426005217,0.372898979281811,0.627916068744241,0.753406448934346,0.592821872482385,0.712569167329078,0.37209233,0.896283484599267,0.612657145182212,0.477572722178393
DL2,LGPYAMTSRG,0.301526271005514,0.214697613791419,0.283749824648208,0.357962435645625,0.194641624984941,0.0,0.41937072371225,0.226333956555677,0.161256182,0.0429108273202835,0.298142994716889,0.341413973638304
DL20,FGPYGMYSGM,0.120601846649785,0.17177520741184,0.214580549533614,0.570416968867573,0.769282900278862,0.0,1.0,0.0642130789606855,0.135949464,0.0,0.181603981355835,1.0
DL21,DMPLGLRDVQ,0.0496982307119516,0.0581759551837184,0.0727924552744722,0.178090957584809,0.215901140250979,0.0909983576746938,0.0,0.1746518699077,0.062608982,0.109580114759888,0.0276999239837431,0.0
DL22,AMPYGLIAIQ,0.0,0.254463635241009,0.209346389164238,0.432281616171048,0.357796696671173,0.594421881543029,0.461563942257203,0.0980092747782358,0.174207926,0.16571864275203,0.283475090643618,0.389329842704499
DL23,RIPLGYTASG,0.0,0.167852115440578,0.307726358260982,0.372768896091767,0.168084141763951,0.0,0.120326927454628,0.559302467838229,0.282124804,0.0,0.273289421286279,0.461254047654449
DL24,HLPMAFYAQT,0.0,0.105174143609735,0.191015046357041,0.344747432979819,0.0,0.0,0.177146344048771,0.0493915707635431,0.181082298,0.0,0.357380187160424,0.163986213837632
DL25,YGPRAVTASG,0.0,0.0,0.0,0.0628502084345872,0.0,0.0,0.0,0.0,0.0,0.0,0.0,0.176038175775682
DL26,SGPRAFWGTA,0.0,0.0,0.00629893004987913,0.237657609439659,0.0,0.0,0.272023819145932,0.0,0.0,0.0,0.0,0.720974706724774
DL27,TPPRAFMDGH,0.0,0.0469423620544075,0.0619820032996281,0.305125461682415,0.0,0.0,0.0,0.0,0.0,0.0,0.0,0.117861889437267
DL28,FYPRAVMDGV,0.0,0.0,0.0,0.0924971575620465,0.0,0.0,0.0,0.0,0.0,0.0,0.0,0.0
DL29,VAPRAFSDVG,0.0,0.0,0.051502478374176,0.33078775372482,0.0,0.0,0.0,0.0,0.0,0.0,0.0,0.0
DL3,LGPLGITASG,0.179741835770038,0.23630557293616,0.287903571530098,0.61963330542103,0.601727939075176,0.0,0.634755357206272,0.385484503052667,0.139458314,0.0587364800692215,0.21084540280261,0.764031748191001
DL30,PGPRSWTASG,0.0,0.0,0.0,0.0449799040129668,0.0,0.0,0.0,0.0,0.0,0.0,0.0,0.0407959154525986
DL31,PGPRWYTASG,0.0,0.0,0.0,0.0742050100972876,0.0,0.0,0.0,0.0,0.0,0.0,0.0,0.141385923547877
DL32,WRPSGFYDPQ,0.0,0.0,0.0,0.155760955002689,0.0,0.0,0.0,0.0,0.0,0.0,0.0,0.0
DL33,WGPRPFIDEG,0.0,0.0,0.0234205326707342,0.0666237077472696,0.0,0.0,0.0,0.0,0.0,0.0,0.0,0.0
DL34,QGPRQMTGPV,0.0,0.0,0.030720805527956,0.144364452010562,0.0,0.0,0.197178249163929,0.0,0.0,0.0,0.0,0.14781770465299
DL35,SGPRPYWGTA,0.0,0.0,0.0309007288110088,0.137664493670318,0.0,0.0,0.268010780264818,0.0,0.0,0.0,0.059290718257139,0.305286198087116
DL36,WAPKGMSAPA,0.0,0.0,-0.000419197626540148,0.276737392106455,0.0,0.0,0.194189991376044,0.0392203433696738,0.0,0.0,0.0,0.259369377666384
DL37,MQPSGFVSPY,0.0,0.0,0.0,0.231113368047044,0.0,0.0,0.156599627278022,0.0,0.0,0.0,0.0,0.24117081939386
DL38,TMPRPFMDGA,0.0,0.0,0.0309313174043423,0.10720915226379,0.0,0.0,0.0,0.0,0.0,0.0,0.0,0.0
DL39,SEPRAYIDTA,0.0,0.0,0.040768981586303,0.204488562267674,0.0,0.0,0.0,0.0300798614956332,0.030347882,0.0,0.0,0.0
DL4,MFPLDMRGSY,0.116672241000802,0.0978116151976984,0.0993258446851739,0.262118693214573,0.0,0.0,0.223025257530005,0.106767470191339,0.119911785,0.082523835739664,0.298765070049805,0.174351704605964
DL40,GAPSGFRTVT,0.0,0.0,0.0,0.222435827364975,0.0,0.0,0.0652465562445874,0.0,0.137304079,0.0,0.0,0.0
DL41,SAPRVMWGTG,0.0,0.0,0.0,0.0555003616363788,0.0,0.0,0.0,0.0,0.0,0.0,0.0,0.0
DL42,TIPYGFWGPY,0.0,0.0,0.116827930722856,0.462135805987505,0.0,0.0,0.233972031960839,0.0,0.0,0.0,0.140492909244521,0.206279809265541
DL43,VIPLGVKDPV,0.0,0.0,0.0294482218172109,0.248042928075016,0.0,0.0,0.0,0.0335874829823777,0.0,0.0,0.0,0.0
DL44,LQPRAWYDPA,0.0,0.0,0.0448056956631905,0.199830109940921,0.0,0.0,0.0,0.0,0.0,0.0,0.0,0.041169505853154
DL45,VAPYGFRTAS,0.0,-0.0156996655222663,0.0790058549821004,0.560373581215887,0.0175130713613078,0.0,0.243240604396115,0.0,0.190729713,0.0,0.0,0.112573013591737
DL46,VPPRPFYGPA,0.0,0.0,0.0177025338799917,0.216270092978555,0.0,0.0,0.0728176577406251,0.0,0.0,0.0,0.0,0.218529785973963
DL47,LAPRSYWGPV,0.0,-0.0233138329044513,0.0686179968651192,0.276756412438328,0.0,0.0,0.0892743472249035,0.0,0.0,0.0,0.0,0.395343744643766
DL48,FAPRQMFDPG,0.0,0.0169356790433635,0.0637578153212245,0.574342838949194,0.0,0.0,0.0,0.0,0.123874832,0.0,0.0,0.0441977485242791
DL49,VAPLPMRAWL,0.572493183065408,0.392606049835467,0.588625132425529,0.7276097361564,0.335980094026255,1.0,0.545236264785077,0.437342085602293,0.552235968,0.110080329258345,0.640262323608989,0.589366479733865
DL5,TAPLGIRDGT,0.133259969519422,0.259467913831548,0.423089004246304,0.814841467838201,0.402231397535253,0.0,0.353767019021689,0.263664605259616,0.322794778,0.110057417181801,0.117220956047266,0.356550063050283
DL50,LAPLGLTTSK,0.109435345340814,0.508134201225449,0.577440930115028,0.817270470939903,0.448012619366323,0.829901842504947,0.870980107078826,0.566149052139362,0.312667298,0.661587915894298,0.178865260035475,0.763525452668486
DL51,LGPYAMKAPW,0.643466752911575,0.387954551744772,0.619455963898275,0.560475964743594,0.317267657572657,0.685066399822969,0.655220043807578,0.800751533421311,0.425061883,0.274750646336998,0.488587391962261,0.713067425205721
DL52,VRPLAMYDLV,0.714536809884647,0.298263064170743,0.575713511887066,0.786604573672482,0.103122254481509,0.248438252917464,0.360875448732971,0.422555152097754,0.640382982,0.0648556912961126,0.325531207383165,0.512438792691144
DL53,HIPRWFHSEW,0.0,0.0,0.0,0.0,0.0,0.0,0.0,0.0,0.0,0.0,0.0,0.0
DL54,VPPVGVSAGG,0.0,0.0,0.0,0.0,0.0,0.0,0.0,0.0,0.0,0.0,0.0,0.0
DL55,HGPRNVTDAW,0.0,0.0,0.0,0.0,0.0,0.0,0.0,0.0,0.0,0.0,0.0,0.0
DL56,HAVSYVRDGR,0.0,0.0,0.00134383980719629,0.0,0.0,0.0,0.0,0.0,0.082498242,0.0,0.0,0.0
DL6,IAPLGLTASG,0.330750337783955,1.0,0.660355033356355,0.982608462560147,0.65740947583655,0.89073162534518,0.772293678027085,0.812249144934491,0.451877109,1.0,0.644567268098722,0.939420607703008
DL66,HGPRAVTAAG,0.0,0.0,0.0194762699775564,0.0545093331368789,0.0,0.0,0.0,0.0,0.0654932,0.0,0.0,0.183383642198764
DL67,VAPRGFVDQG,0.0,0.0,0.0,0.256950598117453,0.0,0.0,0.0,0.0,0.0,0.0,0.0,0.074131632825703
DL68,MMPRAFYDPG,0.0,0.0,0.0115177759275212,0.162724149502477,0.0,0.0,0.0,0.0,0.0,0.0,0.0,0.103124100104131
DL69,RAPKGFFSAG,0.0,0.0,0.0,0.346358685949923,0.0,0.0,0.315704317018449,0.0,0.0,0.0,0.0,0.33095806436569
DL7,MYPLGMQVGV,0.00520749895791198,0.047862138572543,0.0384591094216262,0.328622663569258,0.339853555786627,0.0,0.0,0.114159481825624,0.0,0.0,0.0520795770140794,0.0532321259981079
DL70,PYPAAMMDIK,0.169422619276219,0.113077203862035,0.0986561012915442,0.280699104340897,0.0560926343724696,0.16925176006552,0.0,0.0562097190743802,0.353056761,0.048014481740304,0.065770796417541,0.0
DL71,YGPYALVAGA,0.138413882577125,0.285163443804495,0.360933269924197,0.242783138415389,0.0,0.21367871451546,0.0665711058875267,0.398162483845555,0.186182845,0.365656464373501,0.228174096264552,0.257664100046062
DL72,GKPLPLLAMT,0.447988823328895,0.433917309574257,0.398053302220338,0.34292222490423,0.521397835357639,0.436988132862973,0.276267412391015,0.623844129454111,0.339943408,0.546311005165657,0.661541607133424,0.301343450545846
DL73,LFPLAMMDMT,1.0,0.715694747602282,1.0,1.0,0.300177764568846,0.382028192155427,0.333139841302721,1.0,0.87658849,0.424588275528438,1.0,0.27397164188249
DL74,MYPRAFHGWA,0.0,0.0,0.080977114511944,0.181204678083954,0.0,0.0,0.420335754512334,0.0,0.0,0.0,0.117081512395093,0.264064990968134
DL75,VAPVGFFGWY,0.0,0.0,0.0,0.222664634204358,0.0,0.0,0.0,0.0,0.0,0.0,0.0,0.159479127250928
DL76,SMPKGFTGSA,0.0,0.0,0.0,0.0841963105352889,0.0,0.0,0.0,0.0,0.0,0.0,0.0,0.0555906879443765
DL77,VPPVGVWAPF,0.0,0.0,0.0379535818185533,0.187510816026531,0.19708862636701,0.0,0.0,0.0,0.0,0.0,0.0,0.832689041733083
DL78,IPPVALIATG,0.0,0.162047607750434,0.197244149646142,0.451486069387399,0.0,0.894724516443232,0.0,0.158926266076417,0.200536942,0.157108870547039,0.094010115817093,0.44209509414942
DL79,KATHAIRHKG,0.0,0.0,0.0,0.0,0.0,0.0,0.0,0.0,0.0,0.0,0.0,0.0
DL8,HMPYELRSVR,0.0,0.339123618214193,0.231271609190012,0.277764469591878,0.0,0.126317951854088,0.11456954589354,0.177523199913939,0.372307849,0.365300605902123,0.225289479847842,0.143207433017487
DL80,NGPFMLHLLR,0.0,0.367604166677045,0.40613048932317,0.0,0.0542460949698078,0.0,0.0,0.0,0.535395957,0.409076246478214,0.071756146084045,0.0
DL81,IFALPRTVEI,0.0,0.0,0.0,0.0,0.0,0.0,0.0,0.0,0.0,0.039564066953352,0.0,0.0
DL82,LGYESLWIPR,0.0,0.0,0.0,0.0,0.0,0.0,0.0,0.0,0.0,0.0435787391012812,0.0,0.0
DL83,SKAGHLLDEQ,0.0,0.0,0.0,0.0,0.0,0.0,0.0,0.0,0.0,0.0,0.0,0.0
DL84,LVPRILIFEI,0.0,0.0,0.0,0.0,0.0,0.0,0.0,0.0,0.0,0.0,0.0,0.0741417193994952
DL85,VHDSRMIQPA,0.0,0.0,0.0,0.0,0.0,0.0,0.0,0.0,0.0,0.0,0.0,0.0
DL86,HYPVAWWATG,0.0,0.0,0.0,0.0,0.0,0.0,0.0,0.0,0.0,0.0,0.0,0.0
DL87,VAPVAVRGSG,0.0,0.0,0.0,0.0399565074799931,0.0,0.0,0.0,0.0,0.084179886,0.0,0.0,0.164699736828259
DL88,HGPRRWQDLR,0.0,0.0,0.0,0.0,0.0,0.0,0.0,0.0,0.0,0.0,0.0,0.0
DL89,HYPLWYTGES,0.0,0.0,0.0,0.0797205406689043,0.0,0.0,0.0,0.0,0.0,0.0,0.0,0.0
DL9,QAPLAVLSGQ,0.0,0.103843263326625,0.271695053116483,0.516255883479395,0.0118441847660511,0.0,0.480179281156157,0.103584206682246,0.500823535,0.0,0.0626396019919688,0.278410290618642
