pool,attempts,valid_fraction,unique_fraction,known_fraction,unique_novel,k3_distinct,k3_entropy,k3_top10_mass,k4_distinct,k4_entropy,k4_top10_mass,k5_distinct,k5_entropy,k5_top10_mass,k6_distinct,k6_entropy,k6_top10_mass,n,MMP13_predicted_activity_mean,mean_contrast_selectivity_mean,predicted_Z_ge_2p5_fraction,predicted_target_leads_fraction,top100_uncertainty_adjusted_activity_mean,top100_selectivity_mean,model,temperature,replicate,mode
PRISM_generator_seed0_sample0_T1.2_efficient,20000,0.99965,0.9887960786275196,0.0038513479717901,19709,5713,10.834453933058407,0.0837768628238602,31157,13.298239287046728,0.051250968352796,56560,14.791190138764764,0.028477940684207,69670,15.61234827234647,0.0163787909218718,19709,1.4467477,0.25923944,0.0005073824141255,0.1108123192450149,2.4197521,1.4759575,PRISM,1.2,0,efficient
PRISM_generator_seed0_sample0_T1.2_selective,20000,0.9996,0.9819927971188476,0.002751100440176,19598,6193,10.91987099989791,0.0940086271756031,34483,13.406570460568876,0.0509748565122994,60683,14.845803835702982,0.0279380047148517,69576,15.538127751251611,0.0193609871093945,19598,0.6916402,0.85853505,5.102561485865905e-05,0.6094499438718236,2.2595632,1.5728729,PRISM,1.2,0,selective
PRISM_generator_seed0_sample0_T1.4_efficient,20000,0.999,0.9951451451451452,0.0029029029029029,19833,6039,11.0532477062047,0.070179951812067,35017,13.658116615336034,0.0412250634617866,63876,15.164897828033016,0.0221948934176622,76517,15.890408493700964,0.0123782752735669,19833,1.3345329,0.26336628,0.0005042101547925,0.1180860182524076,2.4046469,1.4599063,PRISM,1.4,0,efficient
PRISM_generator_seed0_sample0_T1.4_selective,20000,0.99885,0.9934925163938528,0.0018521299494418,19823,6648,11.253862739058986,0.0723232196589769,40388,13.92876080264208,0.0360008597220232,70491,15.352728052409692,0.0180290872617853,78052,15.91786911784082,0.0112838515546639,19823,0.5963234,0.773598,5.044645109216567e-05,0.5587953387479191,2.2499356,1.5589882,PRISM,1.4,0,selective
PRISM_generator_seed0_sample0_T1_efficient,20000,0.9999,0.976047604760476,0.0057505750575057,19443,5393,10.586370585341635,0.1006073027209173,27452,12.893099197382243,0.0639024004713287,48989,14.343837229925835,0.0375362537511106,61622,15.234856499838196,0.0220288688829653,19443,1.5354385,0.25113732,0.0011829450187728,0.1069793756107596,2.4477699,1.4903141,PRISM,1.0,0,efficient
PRISM_generator_seed0_sample0_T1_selective,20000,0.99995,0.9586979348967448,0.0044002200110005,19131,5660,10.539740943207462,0.1197893124403596,28664,12.814834526729248,0.0707003307575855,50553,14.228534767867767,0.0425560410493362,59527,15.014247258763508,0.0316006227713324,19131,0.7592367,0.93037385,5.227118289686896e-05,0.6548533793319743,2.267155,1.5824761,PRISM,1.0,0,selective
PRISM_generator_seed1_sample1_T1.2_efficient,20000,0.9994,0.9915449269561736,0.002301380828497,19787,5631,10.773290616277754,0.0862877344298465,30203,13.19033131015409,0.0505752396234795,54427,14.68147883660528,0.024805268612309,67575,15.54463311490182,0.0118543776953164,19787,1.5179709,0.2547047,0.0006569970182443,0.1046646788295345,2.421757,1.4566938,PRISM,1.2,1,efficient
PRISM_generator_seed1_sample1_T1.2_selective,20000,0.99965,0.994147951783124,0.0022507877757215,19839,6137,10.994114814690253,0.0808163725686785,34747,13.51559035745709,0.0411355237904265,61190,14.977788741749416,0.0161252590067508,71321,15.70476717230888,0.0084720272709043,19839,0.7414286,0.86841035,5.040576641967841e-05,0.6171682040425425,2.263032,1.5554057,PRISM,1.2,1,selective
PRISM_generator_seed1_sample1_T1.4_efficient,20000,0.9985,0.9965948923385076,0.0014521782674011,19876,5940,10.983660868373342,0.072350935259014,33959,13.543419775926528,0.0411571278127619,61507,15.053482428488682,0.0191063637731307,74233,15.82770903432876,0.0088460959831502,19876,1.4163594,0.26212713,0.0006037432078889,0.1104850070436707,2.4113562,1.4459178,PRISM,1.4,1,efficient
PRISM_generator_seed1_sample1_T1.4_selective,20000,0.99925,0.9980485364023016,0.0011008256192144,19926,6586,11.28311939784608,0.0656401843410309,40409,13.970309181017182,0.0314868220493627,70550,15.410777572388108,0.0118552655746464,79141,16.003176059117862,0.0058408054901567,19926,0.6535361,0.79113925,5.018568704205561e-05,0.5683027200642377,2.248642,1.5393767,PRISM,1.4,1,selective
PRISM_generator_seed1_sample1_T1_efficient,20000,0.99995,0.9811490574528726,0.0044502225111255,19571,5337,10.530532346252876,0.1023857358111501,26500,12.785264337340225,0.0625529166965631,47098,14.227247227265163,0.033316591327641,59474,15.148491795481508,0.0172476142641888,19571,1.60729,0.23754771,0.0009708241786316,0.0958561136375249,2.438248,1.4684454,PRISM,1.0,1,efficient
PRISM_generator_seed1_sample1_T1_selective,20000,1.0,0.9827,0.0034,19615,5681,10.665553331442728,0.1018964479229379,29438,13.001614760954208,0.0537900289555918,51820,14.456537693950152,0.0229446785738176,62051,15.286024548411143,0.0126630543849086,19615,0.8058931,0.93581283,5.098139179199592e-05,0.6605658934488912,2.2923954,1.5639247,PRISM,1.0,1,selective
PRISM_generator_seed2_sample2_T1.2_efficient,20000,0.9994,0.9912447468481088,0.0029517710626375,19773,5617,10.821669883878693,0.0756498068141903,30321,13.291402185114285,0.0453251901392801,56127,14.790631731704233,0.0244952916185792,69115,15.60356717968182,0.0121932861658889,19773,1.4907166,0.28662238,0.0008597582562079,0.1087847064178425,2.4200625,1.4934155,PRISM,1.2,2,efficient
PRISM_generator_seed2_sample2_T1.2_selective,20000,0.99975,0.9852963240810204,0.0024006001500375,19671,6201,10.909555998241183,0.093153105730185,34348,13.388956019606562,0.0472824413266585,60083,14.848199345146815,0.0234454638124362,69563,15.555477511947007,0.0169148242843535,19671,0.7351785,0.8750573,0.0001525087692542,0.6098317319912562,2.2810123,1.5589463,PRISM,1.2,2,selective
PRISM_generator_seed2_sample2_T1.4_efficient,20000,0.99875,0.99639549436796,0.0017521902377972,19875,5903,11.024671973828571,0.0638603309929789,34015,13.63227815088555,0.0370826766012322,63259,15.154886362423277,0.0190153794717485,75933,15.885939913155028,0.0089869608826479,19875,1.3932005,0.28616926,0.0004528301886792,0.1157735849056603,2.4096804,1.4669216,PRISM,1.4,2,efficient
PRISM_generator_seed2_sample2_T1.4_selective,20000,0.9992,0.9942453963170536,0.0017514011208967,19847,6651,11.22767135627588,0.0740575968720236,40094,13.88710358685676,0.0349749002814319,69535,15.324643505715416,0.0164502815512891,77736,15.908724695397115,0.0110983006667,19847,0.6403079,0.79367965,0.0001511563460472,0.5615458255655766,2.272962,1.5444877,PRISM,1.4,2,selective
PRISM_generator_seed2_sample2_T1_efficient,20000,0.9998,0.97999599919984,0.0058011602320464,19540,5324,10.592865900001817,0.0895623742454728,26760,12.907580057624164,0.0550732969244035,48818,14.355675315803694,0.0315224681421864,61192,15.226177186225202,0.0166800804828973,19540,1.5708399,0.2770252,0.0011258955987717,0.102661207778915,2.4386666,1.5035747,PRISM,1.0,2,efficient
PRISM_generator_seed2_sample2_T1_selective,20000,0.9998,0.962242448489698,0.0046509301860372,19196,5685,10.531263142646385,0.1169044867607898,28640,12.803438679031052,0.0640391613611731,50036,14.241357264515814,0.0353882999212849,59601,15.040593022050464,0.026719590011556,19196,0.804953,0.9464014,0.0003125651177328,0.6477391123150656,2.300702,1.5629866,PRISM,1.0,2,selective
