seed,protocol,target,precision,SR,candidates,selected,hits,mean_activity,activity_only_mean,activity_retention
0,count,MMP1,0.05,0.28,300,100,5,2.186800241470337,2.542799949645996,0.8599969744682312
0,count,MMP10,0.09,0.62,201,100,9,2.1500000953674316,2.3032000064849854,0.933483898639679
0,count,MMP11,0.04,0.88,201,100,4,2.293299913406372,2.382999897003174,0.9623583555221558
0,count,MMP12,0.0,0.86,300,100,0,1.3878998756408691,1.4826000928878784,0.9361255764961243
0,count,MMP13,0.06,0.71,450,100,6,1.5398001670837402,1.8218001127243042,0.8452080488204956
0,count,MMP14,0.21,0.32,300,100,21,2.447700023651123,2.6694998741149902,0.9169133305549622
0,count,MMP15,0.07,0.71,450,100,7,1.8105000257492065,2.110599994659424,0.8578129410743713
0,count,MMP16,0.0,0.88,201,100,0,2.086099863052368,2.3169000148773193,0.9003840684890747
0,count,MMP17,0.09,0.5,300,100,9,1.723599910736084,1.9893001317977905,0.8664353489875793
0,count,MMP19,0.18,0.41,600,100,18,1.0627001523971558,1.158600091934204,0.9172277450561523
0,count,MMP2,0.13,0.53,300,100,13,2.00600004196167,2.3260998725891113,0.8623877763748169
0,count,MMP20,0.06,0.68,300,100,6,1.621800184249878,1.8397002220153809,0.8815567493438721
0,count,MMP24,0.01,0.89,201,100,1,2.172100067138672,2.349900007247925,0.9243372082710266
0,count,MMP25,0.14,0.42,450,100,14,1.9369999170303345,2.2917001247406006,0.8452239632606506
0,count,MMP3,0.07,0.75,300,100,7,1.6679999828338623,1.8707002401351929,0.8916447162628174
0,count,MMP7,0.04,0.82,450,100,4,1.136299967765808,1.386799931526184,0.8193683624267578
0,count,MMP8,0.09,0.57,300,100,9,2.1445999145507812,2.305299997329712,0.9302910566329956
0,count,MMP9,0.02,0.79,300,100,2,1.506700038909912,1.6601999998092651,0.9075412750244141
0,ood_k5,MMP1,0.0,1.0,80,5,0,0.4281763479462846,0.4365596279477102,0.9807969416667414
0,ood_k5,MMP10,0.0,1.0,80,5,0,0.4244996374004263,0.41591298832033924,1.0206453015924417
0,ood_k5,MMP12,0.0,1.0,80,5,0,0.4538003336280186,0.4125135507708232,1.1000858827062696
0,ood_k5,MMP13,0.2,0.4,80,5,1,0.476244910582264,0.5408538037950628,0.8805427774392061
0,ood_k5,MMP14,0.2,0.6,80,5,1,0.47707816986844964,0.4675211367201106,1.0204419274289636
0,ood_k5,MMP17,0.2,0.6,80,5,1,0.5412217736240578,0.6882746602494488,0.786345633337576
0,ood_k5,MMP2,0.0,0.6,80,5,0,0.4565832676574006,0.7394799732048866,0.617438313682223
0,ood_k5,MMP20,0.2,0.8,80,5,1,0.4025208779132815,0.31624731816305796,1.2728040833716752
0,ood_k5,MMP3,0.2,0.4,80,5,1,0.5164561176,0.48854726379999996,1.0571262104364691
0,ood_k5,MMP7,0.2,0.8,80,5,1,0.5432604693903633,0.4654403697009834,1.1671967125227545
0,ood_k5,MMP8,0.2,0.6,80,5,1,0.22343249672584622,0.3151643083083582,0.7089397207606353
0,ood_k5,MMP9,0.0,1.0,80,5,0,0.5518749444873934,0.5881677496890012,0.9382951458647674
1,count,MMP1,0.06,0.25,300,100,6,2.2202999591827393,2.4941000938415527,0.8902208805084229
1,count,MMP10,0.11,0.56,300,100,11,2.055000066757202,2.299999952316284,0.8934783339500427
1,count,MMP11,0.04,0.85,300,100,4,2.0487003326416016,2.3808999061584473,0.860473096370697
1,count,MMP12,0.0,0.86,300,100,0,1.4595999717712402,1.5650001764297485,0.9326516389846802
1,count,MMP13,0.04,0.71,450,100,4,1.5839999914169312,1.8268001079559326,0.8670899271965027
1,count,MMP14,0.2,0.26,300,100,20,2.535599946975708,2.6930999755859375,0.941517174243927
1,count,MMP15,0.06,0.69,450,100,6,1.814099907875061,2.0865001678466797,0.869446337223053
1,count,MMP16,0.0,0.85,300,100,0,2.0010998249053955,2.266700029373169,0.8828251361846924
1,count,MMP17,0.06,0.65,201,100,6,1.8413000106811523,1.9814000129699707,0.9292924404144287
1,count,MMP19,0.14,0.44,600,100,14,0.9964000582695007,1.2441000938415527,0.8009002208709717
1,count,MMP2,0.11,0.56,300,100,11,1.9159002304077148,2.2994000911712646,0.833217442035675
1,count,MMP20,0.06,0.61,300,100,6,1.6353001594543457,1.818000078201294,0.8995050191879272
1,count,MMP24,0.01,0.86,300,100,1,2.0200002193450928,2.3276000022888184,0.8678467869758606
1,count,MMP25,0.13,0.45,300,100,13,1.9460999965667725,2.264699935913086,0.8593191504478455
1,count,MMP3,0.07,0.75,300,100,7,1.7160000801086426,1.9084999561309814,0.8991355299949646
1,count,MMP7,0.02,0.85,450,100,2,1.1289000511169434,1.3702998161315918,0.8238343596458435
1,count,MMP8,0.1,0.54,300,100,10,1.9978998899459839,2.329899787902832,0.857504665851593
1,count,MMP9,0.02,0.87,300,100,2,1.4516000747680664,1.6527999639511108,0.878267228603363
1,ood_k5,MMP1,0.0,1.0,80,5,0,0.2842678498255574,0.46093340162539703,0.6167221746637128
1,ood_k5,MMP10,0.0,1.0,80,5,0,0.270998532058214,0.4238661926102572,0.6393492493216976
1,ood_k5,MMP12,0.0,1.0,80,5,0,0.4247412369271032,0.2851957758497834,1.4892970825445198
1,ood_k5,MMP13,0.0,0.4,80,5,0,0.5301343701243066,0.5417054386056153,0.9786395563775522
1,ood_k5,MMP14,0.2,0.6,80,5,1,0.23723784567804582,0.48345930822978617,0.49070902481266876
1,ood_k5,MMP17,0.2,0.6,80,5,1,0.4759756046662883,0.7187113475693803,0.6622625429193468
1,ood_k5,MMP2,0.0,0.6,80,5,0,0.6611770226428553,0.7394799732048866,0.8941107894745703
1,ood_k5,MMP20,0.2,0.6,80,5,1,0.581846048052986,0.500256857321115,1.1630945973809987
1,ood_k5,MMP3,0.2,0.6,80,5,1,0.46268074260000003,0.4990934068,0.9270423858462401
1,ood_k5,MMP7,0.2,0.8,80,5,1,0.5070583895376566,0.42826017864856275,1.1839961192230224
1,ood_k5,MMP8,0.2,0.6,80,5,1,0.22343249672584622,0.39608628514387995,0.5641005637059194
1,ood_k5,MMP9,0.0,0.8,80,5,0,0.6193846875307336,0.707769076501942,0.8751225619971462
2,count,MMP1,0.03,0.36,201,100,3,2.3725998401641846,2.5260000228881836,0.9392715096473694
2,count,MMP10,0.1,0.61,201,100,10,2.170300006866455,2.3137001991271973,0.9380213022232056
2,count,MMP11,0.03,0.87,300,100,3,2.211899995803833,2.4361002445220947,0.9079675674438477
2,count,MMP12,0.01,0.8,450,100,1,1.337499976158142,1.563099980354309,0.8556714057922363
2,count,MMP13,0.05,0.72,450,100,5,1.6024998426437378,1.8588999509811401,0.8620688915252686
2,count,MMP14,0.21,0.28,300,100,21,2.376499891281128,2.8208000659942627,0.8424914479255676
2,count,MMP15,0.05,0.74,300,100,5,1.8678998947143555,2.108900308609009,0.8857222199440002
2,count,MMP16,0.0,0.87,201,100,0,2.0591001510620117,2.3055999279022217,0.8930864930152893
2,count,MMP17,0.08,0.51,300,100,8,1.7334001064300537,1.9602999687194824,0.8842524886131287
2,count,MMP19,0.16,0.46,600,100,16,0.9868000745773315,1.1557999849319458,0.85378098487854
2,count,MMP2,0.12,0.53,300,100,12,1.975500226020813,2.39490008354187,0.824877917766571
2,count,MMP20,0.05,0.64,300,100,5,1.5894001722335815,1.827200174331665,0.869855523109436
2,count,MMP24,0.01,0.85,201,100,1,2.111100196838379,2.3510000705718994,0.8979583978652954
2,count,MMP25,0.14,0.42,300,100,14,2.2206997871398926,2.2757999897003174,0.9757886528968811
2,count,MMP3,0.06,0.8,300,100,6,1.6435000896453857,1.839400053024292,0.893497884273529
2,count,MMP7,0.01,0.88,300,100,1,1.075299859046936,1.3039000034332275,0.8246796727180481
2,count,MMP8,0.08,0.53,300,100,8,2.051100015640259,2.2720999717712402,0.9027331471443176
2,count,MMP9,0.06,0.8,450,100,6,1.5185999870300293,1.7288999557495117,0.8783619999885559
2,ood_k5,MMP1,0.0,1.0,80,5,0,0.3236362648310404,0.4688593971431375,0.6902629376803082
2,ood_k5,MMP10,0.0,1.0,80,5,0,0.38172556857612433,0.40352149007342264,0.945985723106513
2,ood_k5,MMP12,0.0,1.0,80,5,0,0.41219481094414806,0.3901046210263996,1.0566263220866936
2,ood_k5,MMP13,0.2,0.0,80,5,1,0.30492709004697305,0.5092042748272536,0.5988305776702658
2,ood_k5,MMP14,0.2,0.4,80,5,1,0.39596179738587595,0.5310323207300952,0.7456453815117766
2,ood_k5,MMP17,0.2,0.6,80,5,1,0.7077725181445516,0.5650300346515513,1.2526281343274577
2,ood_k5,MMP2,0.0,0.8,80,5,0,0.42698138391726187,0.506244861119785,0.8434285791520002
2,ood_k5,MMP20,0.0,0.8,80,5,0,0.33277537737032065,0.41559270958810773,0.8007247713756408
2,ood_k5,MMP3,0.2,0.6,80,5,1,0.5313913976,0.48056475060000003,1.1057644093465893
2,ood_k5,MMP7,0.2,0.8,80,5,1,0.3473897768347915,0.279530003706553,1.2427638258091136
2,ood_k5,MMP8,0.2,0.6,80,5,1,0.22343249672584622,0.4108673044472412,0.5438069525304291
2,ood_k5,MMP9,0.0,0.8,80,5,0,0.675628218243687,0.6395443249810595,1.0564212547170928
